{
  "Pseudo": "Veltays",
  "Nom": "Gran",
  "Prenom": "Yassine",
  "Email": "granyassine@gmail.com",
  "Age": 21,
  "MDPHash": "",
  "Poids": 90,
  "Taille": 185,
  "ObjectifPoids": 80,
  "DateInscription": "2025-08-19T00:00:00",
  "DateObjectif": "2026-11-19T00:00:00",
  "ListeActivites": [
    {
      "Titre": "Pompes",
      "Duree": "00:10:00",
      "CaloriesBrulees": 800,
      "ImagePath": "C:\\Users\\grany\\AppData\\Roaming\\ProjetFinale\\Images\\850e642faf2840b3818663f5cdaeeeef.png",
      "Id": 0,
      "Date": "0001-01-01T00:00:00"
    },
    {
      "Titre": "ezazgte",
      "Duree": "00:12:00",
      "CaloriesBrulees": 512,
      "ImagePath": "C:\\Users\\grany\\AppData\\Roaming\\ProjetFinale\\Images\\4c2b44644855401ea943a8ef81af867c.png",
      "Id": 0,
      "Date": "0001-01-01T00:00:00"
    }
  ],
  "ListeAgenda": [
    {
      "Titre": "Pompes",
      "HeureDebut": "10:00:00",
      "HeureFin": "15:00:00",
      "Date": "2025-08-20T00:00:00",
      "Activite": {
        "Titre": "Pompes",
        "Duree": "00:10:00",
        "CaloriesBrulees": 800,
        "ImagePath": "C:\\Users\\grany\\AppData\\Roaming\\ProjetFinale\\Images\\850e642faf2840b3818663f5cdaeeeef.png",
        "Id": 0,
        "Date": "0001-01-01T00:00:00"
      },
      "Couleur": "#EF4444",
      "Description": "",
      "Duree": "05:00:00",
      "DureeFormatee": "5,0h",
      "HeureFormatee": "10:00 - 15:00"
    },
    {
      "Titre": "ykiujhygtdfr",
      "HeureDebut": "08:00:00",
      "HeureFin": "09:00:00",
      "Date": "2025-08-20T00:00:00",
      "Activite": {
        "Titre": "Course \u00E0 pied",
        "Duree": "00:30:00",
        "CaloriesBrulees": 300,
        "ImagePath": "/Images/course.png",
        "Id": 0,
        "Date": "0001-01-01T00:00:00"
      },
      "Couleur": "#84CC16",
      "Description": "",
      "Duree": "01:00:00",
      "DureeFormatee": "1,0h",
      "HeureFormatee": "08:00 - 09:00"
    },
    {
      "Titre": "opmilukju",
      "HeureDebut": "08:00:00",
      "HeureFin": "09:00:00",
      "Date": "2025-08-19T00:00:00",
      "Activite": null,
      "Couleur": "#8B5CF6",
      "Description": "",
      "Duree": "01:00:00",
      "DureeFormatee": "1,0h",
      "HeureFormatee": "08:00 - 09:00"
    },
    {
      "Titre": "gfvds",
      "HeureDebut": "08:00:00",
      "HeureFin": "09:00:00",
      "Date": "2025-08-16T00:00:00",
      "Activite": null,
      "Couleur": "#8B5CF6",
      "Description": "",
      "Duree": "01:00:00",
      "DureeFormatee": "1,0h",
      "HeureFormatee": "08:00 - 09:00"
    },
    {
      "Titre": "yujht",
      "HeureDebut": "01:00:00",
      "HeureFin": "02:00:00",
      "Date": "2025-08-20T00:00:00+02:00",
      "Activite": null,
      "Couleur": "#8B5CF6",
      "Description": "",
      "Duree": "01:00:00",
      "DureeFormatee": "1,0h",
      "HeureFormatee": "01:00 - 02:00"
    },
    {
      "Titre": "ompilukjyh",
      "HeureDebut": "11:00:00",
      "HeureFin": "15:00:00",
      "Date": "2025-08-23T00:00:00",
      "Activite": null,
      "Couleur": "#8B5CF6",
      "Description": "",
      "Duree": "04:00:00",
      "DureeFormatee": "4,0h",
      "HeureFormatee": "11:00 - 15:00"
    }
  ],
  "ListeTaches": [
    {
      "Description": "Faire 100 Pompes",
      "EstTerminee": false,
      "Id": 0,
      "Date": "2025-08-19T23:59:43.8617131+02:00"
    },
    {
      "Description": "iyutrhgtfd",
      "EstTerminee": false,
      "Id": 0,
      "Date": "2025-08-20T00:06:02.5090536+02:00"
    }
  ],
  "IMC": 26.3,
  "AgeFormate": "21 ANS",
  "PoidsFormate": "90 KG",
  "TailleFormatee": "185 CM",
  "IMCFormate": "26,3",
  "ObjectifPoidsFormate": "80 KG",
  "DateObjectifFormatee": "2026",
  "IMCObjectifFormate": "23,4 IMC",
  "AnneesRestantesFormate": "1 ANS",
  "MotDePasse": ""
}