{
  "Pseudo": "Veltays",
  "Nom": "Gran",
  "Prenom": "Yassine",
  "Email": "granyassine@gmail.com",
  "Age": 21,
  "MDPHash": "Yassine77!",
  "Poids": 67,
  "Taille": 180,
  "ObjectifPoids": 70,
  "DateInscription": "2025-08-20T01:16:29.0977625+02:00",
  "DateObjectif": "2027-07-23T00:00:00",
  "ListeActivites": [],
  "ListeAgenda": [],
  "ListeTaches": [],
  "IMC": 20.7,
  "AgeFormate": "21 ANS",
  "PoidsFormate": "67 KG",
  "TailleFormatee": "180 CM",
  "IMCFormate": "20,7",
  "ObjectifPoidsFormate": "70 KG",
  "DateObjectifFormatee": "2027",
  "IMCObjectifFormate": "21,6 IMC",
  "AnneesRestantesFormate": "2 ANS",
  "MotDePasse": "Yassine77!"
}