{
  "Pseudo": "Zaer",
  "Nom": "hygtdfrs",
  "Prenom": "rhgtdefs",
  "Email": "po\u00E7ikujyh@gmail.com",
  "Age": 20,
  "MDPHash": "Yassine77",
  "Poids": 70,
  "Taille": 150,
  "ObjectifPoids": 60,
  "DateInscription": "2025-08-19T21:05:06.1335763+02:00",
  "DateObjectif": "2025-08-24T00:00:00",
  "ListeActivites": [
    {
      "Titre": "D\u00E9velopp\u00E9 couch\u00E9",
      "Duree": "00:45:00",
      "CaloriesBrulees": 180,
      "ImagePath": "/Images/developpe_couche.png",
      "Id": 0,
      "Date": "0001-01-01T00:00:00"
    },
    {
      "Titre": "Course \u00E0 pied",
      "Duree": "00:30:00",
      "CaloriesBrulees": 300,
      "ImagePath": "/Images/course.png",
      "Id": 0,
      "Date": "0001-01-01T00:00:00"
    },
    {
      "Titre": "Squats",
      "Duree": "00:20:00",
      "CaloriesBrulees": 120,
      "ImagePath": "/Images/squats.png",
      "Id": 0,
      "Date": "0001-01-01T00:00:00"
    }
  ],
  "ListeAgenda": [],
  "ListeTaches": [],
  "IMC": 31.1,
  "AgeFormate": "20 ANS",
  "PoidsFormate": "70 KG",
  "TailleFormatee": "150 CM",
  "IMCFormate": "31,1",
  "ObjectifPoidsFormate": "60 KG",
  "DateObjectifFormatee": "2025",
  "IMCObjectifFormate": "26,7 IMC",
  "AnneesRestantesFormate": "0 ANS",
  "MotDePasse": "Yassine77"
}